sepal_length,sepal_width,petal_length,petal_width,petal_ratio,sepal_ratio,petal_area,sepal_area,label,event_id
6.297,2.969,5.006,2.162,2.315448658649399,2.120916133378242,10.822972,18.695793,virginica,134
5.618,3.016,4.713,1.289,3.656322730799069,1.8627320954907163,6.075057,16.943888,versicolor,220
5.052,3.534,1.695,0.146,11.60958904109589,1.429541595925297,0.24747,17.853768,setosa,204
5.457,3.248,1.884,0.05,37.67999999999999,1.6801108374384235,0.0942,17.724336,setosa,66
6.034,2.724,5.942,1.911,3.109366823652538,2.215124816446402,11.355162,16.436616,virginica,89
6.585,2.941,5.264,2.242,2.3479036574487067,2.2390343420605237,11.801888,19.366484999999997,virginica,266
6.483,2.96,5.007,1.952,2.565061475409836,2.1902027027027025,9.773663999999998,19.18968,virginica,350
5.803,2.793,4.442,1.274,3.486656200941915,2.0776942355889725,5.659108000000001,16.207779000000002,versicolor,214
6.676,2.768,6.245,2.091,2.986609277857484,2.411849710982659,13.058295000000001,18.479167999999998,virginica,284
6.701,3.175,5.618,1.826,3.076670317634173,2.110551181102362,10.258468,21.275674999999996,virginica,152
5.148,3.279,1.582,0.09,17.57777777777778,1.5699908508691673,0.14238,16.880291999999997,setosa,159
5.623,2.583,4.643,1.227,3.7840260798696,2.1769260549748353,5.696961,14.524209,versicolor,166
5.731,2.497,4.419,1.699,2.600941730429664,2.2951541850220263,7.507880999999999,14.310307,versicolor,307
5.759,2.651,4.184,1.406,2.9758179231863444,2.172387778196907,5.8827039999999995,15.267109,versicolor,178
5.033,3.101,1.928,0.211,9.137440758293838,1.6230248306997743,0.40680799999999995,15.607333,setosa,315
5.886,2.825,4.408,1.578,2.79340937896071,2.0835398230088495,6.955824000000001,16.627950000000002,versicolor,91
5.407,3.377,2.089,0.264,7.912878787878787,1.6011252591057152,0.551496,18.259439,setosa,54
5.014,3.548,1.382,0.223,6.197309417040358,1.4131905298759866,0.30818599999999996,17.789672,setosa,27
4.526,2.966,1.862,0.365,5.101369863013699,1.52596089008766,0.6796300000000001,13.424116,setosa,249
6.464,3.007,4.994,2.403,2.0782355389096963,2.1496508147655473,12.000582,19.437248,virginica,26
6.21,2.963,5.58,2.113,2.6407950780880265,2.0958488018899764,11.79054,18.40023,virginica,92
6.177,2.847,4.112,1.398,2.9413447782546496,2.1696522655426764,5.748576,17.585918999999997,versicolor,208
5.837,2.652,4.085,1.489,2.7434519811954328,2.2009803921568625,6.082565000000001,15.479724000000001,versicolor,73
6.649,2.683,4.578,1.337,3.424083769633508,2.4781960491986585,6.120786,17.839267,versicolor,313
5.582,2.782,4.345,1.482,2.9318488529014846,2.00647016534867,6.43929,15.529124,versicolor,160
6.131,2.707,4.84,1.122,4.313725490196078,2.2648688585149612,5.43048,16.596617,versicolor,67
6.358,3.049,5.347,1.988,2.689637826961771,2.0852738602820597,10.629836000000001,19.385541999999997,virginica,332
6.341,2.873,5.596,2.253,2.4837993786063026,2.2071005917159763,12.607788000000001,18.217693,virginica,20
6.699,3.046,5.119,2.16,2.3699074074074074,2.1992777413000657,11.05704,20.405154,virginica,218
4.572,3.069,2.03,0.246,8.252032520325203,1.4897360703812317,0.49937999999999994,14.031468,setosa,171
5.015,3.481,1.501,0.05,30.019999999999996,1.4406779661016949,0.07505,17.457214999999998,setosa,321
5.067,3.451,1.896,0.195,9.723076923076922,1.4682700666473487,0.36972,17.486217,setosa,219
5.001,3.853,0.904,0.361,2.5041551246537397,1.29794964962367,0.326344,19.268853000000004,setosa,39
6.344,3.235,5.455,1.818,3.0005500550055006,1.9610510046367853,9.91719,20.52284,virginica,11
4.593,3.351,1.817,0.094,19.329787234042552,1.370635631154879,0.170798,15.391143,setosa,264
6.052,2.755,4.142,0.876,4.728310502283105,2.1967332123411976,3.6283920000000003,16.67326,versicolor,253
4.979,3.102,1.42,0.296,4.797297297297297,1.6050934880722116,0.42031999999999997,15.444858,setosa,75
5.534,3.476,1.35,0.095,14.210526315789474,1.5920598388952818,0.12825,19.236183999999998,setosa,300
6.123,3.092,4.736,1.478,3.2043301759133964,1.9802716688227684,6.999808,18.932316,versicolor,286
6.679,2.928,5.442,1.866,2.9163987138263665,2.281079234972678,10.154772000000001,19.556112,virginica,200
6.508,2.669,5.66,2.019,2.8033680039623574,2.4383664293742973,11.42754,17.369852,virginica,170
5.712,2.855,4.523,1.145,3.9502183406113534,2.0007005253940453,5.178834999999999,16.30776,versicolor,247
6.117,3.06,5.674,1.953,2.905273937532002,1.9990196078431373,11.081322000000002,18.71802,virginica,35
6.602,3.13,5.282,2.103,2.5116500237755583,2.10926517571885,11.108046000000002,20.66426,virginica,38
6.132,2.573,4.771,1.626,2.9341943419434195,2.3832102603964245,7.757645999999999,15.777636,versicolor,322
6.435,3.069,4.991,2.217,2.2512404149751917,2.096774193548387,11.065047,19.749015,virginica,95
4.473,3.389,0.848,0.149,5.691275167785235,1.3198583652994984,0.126352,15.158997,setosa,90
6.27,2.907,4.451,1.518,2.9321475625823448,2.156862745098039,6.756618,18.226889999999997,versicolor,223
6.327,2.908,5.668,1.774,3.1950394588500566,2.1757221458046767,10.055032,18.398916,virginica,269
6.792,3.16,5.677,2.159,2.6294580824455767,2.149367088607595,12.256642999999999,21.46272,virginica,329
5.877,2.791,4.855,0.964,5.0363070539419095,2.1056968828376927,4.68022,16.402707,versicolor,157
6.799,2.896,5.699,2.117,2.692017005196032,2.3477209944751385,12.064783,19.689904000000002,virginica,212
7.067,3.012,5.619,1.975,2.8450632911392404,2.346281540504648,11.097525,21.285804,virginica,86
4.406,3.472,1.556,0.156,9.974358974358974,1.2690092165898617,0.242736,15.297631999999998,setosa,81
6.253,2.831,5.615,2.131,2.6349131862975135,2.2087601554221123,11.965565,17.702243,virginica,47
6.872,2.864,5.643,1.976,2.855769230769231,2.399441340782123,11.150568,19.681407999999998,virginica,341
4.416,3.628,1.195,0.05,23.9,1.217199558985667,0.059750000000000004,16.021248000000003,setosa,78
5.15,3.438,1.249,0.198,6.308080808080808,1.4979639325189065,0.24730200000000002,17.705700000000004,setosa,132
4.613,3.187,1.387,0.05,27.74,1.4474427361154694,0.06935000000000001,14.701631,setosa,327
5.247,3.385,1.774,0.225,7.884444444444444,1.5500738552437223,0.39915,17.761094999999997,setosa,246
6.577,3.373,5.024,2.083,2.411905904944791,1.9498962348058106,10.464992,22.184221,virginica,188
5.631,3.136,4.671,1.137,4.108179419525066,1.7955994897959184,5.310927,17.658816,versicolor,316
6.687,3.187,5.366,2.062,2.6023278370514062,2.0982114841543775,11.064691999999999,21.311469,virginica,179
6.598,3.22,5.275,2.294,2.29947689625109,2.049068322981366,12.100850000000001,21.24556,virginica,311
6.281,3.112,4.713,1.27,3.711023622047244,2.0183161953727504,5.9855100000000006,19.546472,versicolor,301
5.453,2.733,4.544,1.594,2.8506900878293595,1.995243322356385,7.243136,14.903049000000001,versicolor,49
5.905,2.75,3.901,1.388,2.8105187319884726,2.1472727272727274,5.414587999999999,16.23875,versicolor,121
4.764,3.143,1.751,0.273,6.413919413919413,1.515749284123449,0.47802300000000003,14.973252,setosa,225
6.643,2.723,5.415,1.868,2.8988222698072805,2.4395886889460154,10.11522,18.088888999999998,virginica,224
6.575,2.941,5.43,2.061,2.6346433770014555,2.235634138048283,11.19123,19.337075,virginica,305
